Name,Area Average
Layer 1,303.38068
Layer 2,400.81427
Layer 3,320.8329
